shoe_name,goat_price,stockx_low_price,stockx_high_price,low_profit,high_profit
Air Jordan 12 Retro 'Dark Concord',230,214,280,-16,50
Yeezy Boost 350 V2 'Natural',260,255,325,-5,65
Yeezy Boost 350 V2 'Carbon',256,255,285,-1,29
Paris Saint-Germain x Air Jordan 4 Retro 'Bord...,260,267,275,7,15
Off-White x Air Rubber Dunk 'Green Strike',305,299,500,-6,195
Air Jordan 1 Retro High 'Tokyo Bio Hack',210,204,340,-6,130
Yeezy Boost 350 V2 'Israfil',260,245,292,-15,32
Air Jordan 1 Retro High OG 'Crimson Tint',120,239,540,119,420
Yeezy Boost 350 V2 'Zyon',273,245,286,-28,13
Air Jordan 3 Retro 'Varsity Royal',227,220,296,-7,69
Yeezy 700 V3 'Arzareth',389,350,441,-39,52
Air Jordan 11 Retro 'Space Jam' 2016,225,288,450,63,225
Yeezy Boost 350 V2 'Yecheil Non-Reflective',340,299,396,-41,56
Yeezy Boost 350 V2 'Yecheil Reflective',599,299,396,-300,-203
Justin Bieber x Classic Clog 'Drew',70,65,69,-5,-1
Air Jordan 1 Retro High OG 'Gym Red',110,163,220,53,110
Yeezy Slides 'Bone',215,210,265,-5,50
Air Jordan 3 Retro 'UNC',299,345,384,46,85
Air Jordan 3 Retro SE 'Unite',169,184,230,15,61
Yeezy Boost 350 V2 'Clay',283,273,605,-10,322
Air Jordan 11 Retro Low 'Concord-Bred',210,190,300,-20,90
Air Jordan 1 Retro High co.JP 'Midnight Navy' 2020,314,297,378,-17,64
Yeezy Boost 700 'Inertia',375,357,500,-18,125
Yeezy Boost 350 V2 'Desert Sage',294,260,300,-34,6
Air VaporMax Flyknit 3 'Triple Black',139,150,200,11,61
Air Jordan 1 High Zoom 'Racer Blue',263,214,1015,-49,752
Air Jordan 4 Retro SE 'Neon 95',214,210,290,-4,76
Yeezy Boost 350 V2 'Bred',470,750,800,280,330
Yeezy Boost 350 V2 'Sesame',384,358,525,-26,141
Air Jordan 1 Low 'Reverse Bred',105,103,122,-2,17
Air Jordan 5 Retro 'Fire Red' 2020,205,190,215,-15,10
Air Force 1 Low 'Orange Skeleton',215,180,180,-35,-35
Air Jordan 13 Retro 'Lucky Green',188,174,220,-14,32
Yeezy Boost 350 V2 'Black Reflective',800,800,1221,0,421
Air Max 97 'Triple White',140,127,216,-13,76
Air Jordan 14 Retro 'Hyper Royal',222,219,275,-3,53
Air Jordan 1 Low 'Game Royal',110,90,160,-20,50
Air Jordan 4 Retro 'Red Metallic',305,272,350,-33,45
Yeezy 500 'Stone',230,240,410,10,180
Air Jordan 4 Retro 'Pure Money' 2017,350,401,382,51,32
Air Jordan 12 Retro 'Flu Game' 2016,280,350,425,70,145
Slam Jam x Dunk High 'Clear Black',420,439,399,19,-21
Comme des Garçons x Chuck Taylor All Star Hi '...,140,156,175,16,35
Travis Scott x Air Force 1 'Sail',899,1000,1038,101,139
Yeezy Boost 350 V2 'Oreo',760,800,830,40,70
Air Jordan 1 Mid GS 'White Light Arctic Pink',137,128,149,-9,12
Yeezy Boost 350 V2 'Lundmark Non-Reflective',290,277,482,-13,192
Yeezy Boost 700 MNVN 'Triple Black',320,314,365,-6,45
Off-White x Blazer Mid 'All Hallows Eve',720,640,1000,-80,280
Air Jordan 11 Retro 'Legend Blue' 2014,379,354,400,-25,21
Yeezy Quantum 'Quantum',260,199,320,-61,60
Air Jordan 4 Retro GS 'Purple Metallic',245,240,268,-5,23
Air Jordan 14 Retro 'Gym Red',239,240,240,1,1
Air Jordan 1 Retro High GS 'Tokyo Bio Hack',220,230,257,10,37
Air Jordan 11 Retro Low 'UNC',270,123,100,-147,-170
Yeezy 500 High 'Slate',174,166,275,-8,101
Air Jordan 1 Low 'White Camo',116,113,180,-3,64
Sacai x LDWaffle 'White Nylon',374,304,562,-70,188
Yeezy Season 7 Desert Boot 'Cinder',222,283,240,61,18
Yeezy Boost 350 V2 'Yeshaya Non-Reflective',320,298,492,-22,172
Off-White x Dunk Low 'University Gold',474,284,500,-190,26
Air Jordan 1 Low GS 'Gym Red',202,190,175,-12,-27
Sacai x LDWaffle 'Black Nylon',230,235,285,5,55
Ultra 4D 'Triple Black',175,170,200,-5,25
Air Jordan 35 'Center Of Gravity',170,170,250,0,80
Air Max 90 'Día de Muertos',298,211,350,-87,52
Dunk Low SP 'Champ Colors',185,178,291,-7,106
Air Raid OG 'Black Grey',130,136,186,6,56
Air Jordan 4 Retro 'Toro Bravo',540,450,500,-90,-40
Air Jordan 1 Low 'Shattered Backboard',195,209,208,14,13
Yeezy Boost 700 Kids 'Wave Runner',270,208,400,-62,130
Air Jordan 3 Retro 'Hall of Fame',299,230,335,-69,36
Air Jordan 13 Retro 'Chicago' 2017,150,160,302,10,152
Air Jordan 1 Mid GS 'Light Smoke Grey',150,245,314,95,164
UltraBoost 4.0 'Triple White',115,118,120,3,5
Yeezy Boost 350 V2 'Sulfur',265,265,371,0,106
Off-White x Rubber Dunk PS 'Green Strike',104,98,107,-6,3
Air Jordan 4 Retro 'Cement' 2012,459,350,350,-109,-109
Air Jordan 1 Mid 'Shattered Backboard',113,110,229,-3,116
Yeezy 500 'Salt',290,310,558,20,268
Air Jordan 12 Retro 'Taxi' 2013,338,627,725,289,387
Air Jordan 4 Retro 'FIBA',179,162,200,-17,21
Air Jordan 10 Retro 'Shadow' 2018,117,119,241,2,124
Yeezy Desert Boot 'Rock',271,298,500,27,229
Air Force 1 Low 'NY vs NY',90,90,132,0,42
Air Max 90 'Infrared' 2020,150,140,190,-10,40
Air Jordan 4 Retro LS 'Legend Blue',140,77,50,-63,-90
Grateful Dead x Chinatown Market x Clog 'Tie Dye',78,70,130,-8,52
Air Jordan 11 Retro Low GS 'Concord-Bred',158,160,172,2,14
Dunk Low SB 'Blue Fury',190,205,317,15,127
Air Max CB 94 'Triple Black' 2020,222,212,260,-10,38
Old Skool 'Black White',55,52,49,-3,-6
Air Max 270 'White',99,105,100,6,1
Air Jordan 8 Retro 'Aqua' 2015,300,266,341,-34,41
Air VaporMax Flyknit 3 'Oreo',129,128,150,-1,21
Gucci Ace Embroidered 'Snake',650,500,470,-150,-180
Dunk Low SB 'Night of Mischief',490,449,605,-41,115
Air Jordan 1 Mid 'Noble Red',117,113,150,-4,33
Yeezy Boost 700 'Teal Blue',318,336,375,18,57
Yeezy Slides 'Earth Brown',175,182,260,7,85
Air Jordan 11 Low Retro IE 'Black Cement',145,132,200,-13,55
Air Jordan 13 Retro GS 'Lucky Green',120,120,136,0,16
Air Jordan 1 Mid GS 'Black Racer Blue',119,130,100,11,-19
Slam Jam x Dunk High 'White Platinum',295,288,390,-7,95
Air Jordan 11 Retro Low 'Cherry' 2016,364,260,450,-104,86
Air Jordan 7 Retro 'Greater China',170,155,205,-15,35
Yeezy Boost 350 V2 Kids 'Black Non-Reflective',365,357,550,-8,185
Yeezy Boost 350 'Turtle Dove',1595,1450,1690,-145,95
Yeezy Boost 380 'Mist Reflective',293,277,324,-16,31
Blazer Mid '77 Vintage 'Racer Blue',106,74,105,-32,-1
Air Jordan 13 Retro 'He Got Game' 2018,300,289,358,-11,58
Air Jordan 3 Retro SE 'Animal Instinct 2.0',222,167,235,-55,13
Off-White x Air Max 97 'Menta',835,640,1200,-195,365
Air Max 720 'Bubble Pack',94,100,95,6,1
Air Foamposite One 'Cracked Lava',119,106,200,-13,81
Air Jordan 1 Low GS 'Pine Green',190,194,197,4,7
Air Jordan 6 Retro 'Washed Denim',137,135,167,-2,30
Air Jordan 6 Retro 'Infrared' 2014,200,295,270,95,70
Air Jordan 1 Mid GS 'Chicago',130,136,147,6,17
Yeezy Season 7 Desert Boot 'Oil',258,290,350,32,92
Air Jordan 4 Retro 'Motorsports Alternate',230,179,160,-51,-70
Yeezy Boost 700 MNVN 'Phosphor',375,304,450,-71,75
Air Jordan 3 Retro PS 'Laser Orange',95,80,85,-15,-10
Air Foamposite One 'Black',280,169,308,-111,28
Union LA x Air Jordan 4 Retro 'Off Noir',549,-1,-1,0,0
Air Jordan 1 Retro High OG 'Dark Mocha',324,-1,-1,0,0
Wmns Air Jordan 1 Retro High OG 'Lucky Green',230,-1,-1,0,0
Air Jordan 1 Retro High OG 'Royal Toe',220,-1,-1,0,0
Air Jordan 1 Retro High OG 'Obsidian',230,-1,-1,0,0
Off-White x Wmns Air Jordan 4 SP 'Sail',1000,-1,-1,0,0
Air Jordan 1 Retro High OG 'Court Purple 2.0',185,-1,-1,0,0
Air Jordan 1 Mid 'Chicago Black Toe',173,-1,-1,0,0
Off-White x Air Jordan 5 Retro SP 'Sail',700,-1,-1,0,0
Air Foamposite One Retro 'Anthracite' 2020,255,-1,-1,0,0
Yeezy Boost 350 V2 'Black Non-Reflective',400,-1,-1,0,0
Air Jordan 1 Retro High OG 'Bloodline',150,-1,-1,0,0
Yeezy Boost 350 V2 'Zebra',350,-1,-1,0,0
Yeezy Boost 380 'Pepper Non-Reflective',185,-1,-1,0,0
Travis Scott x Air Jordan 1 Retro High OG 'Mocha',1221,-1,-1,0,0
Yeezy Quantum 'Teal Blue',200,-1,-1,0,0
Yeezy Boost 350 V2 'Cinder Non-Reflective',327,-1,-1,0,0
Supreme x Air Max Plus TN 'Mean Green',250,-1,-1,0,0
Off-White x Air Jordan 5 Retro SP 'Muslin',435,-1,-1,0,0
Air Jordan 4 Retro OG 'Bred' 2019,280,-1,-1,0,0
Air Jordan 1 Retro High OG 'Smoke Grey',225,-1,-1,0,0
Air Jordan 4 Retro 'Purple Metallic',299,-1,-1,0,0
Supreme x Air Max Plus TN 'University Red',235,-1,-1,0,0
Air Max 97 'Halloween Slime',236,-1,-1,0,0
Union LA x Air Jordan 4 Retro 'Guava Ice',888,-1,-1,0,0
Wmns Air Jordan 1 Mid 'Sisterhood',165,-1,-1,0,0
Air Jordan 11 Retro 'Bred' 2019,295,-1,-1,0,0
Wmns Air Jordan 1 Retro High OG 'Blue Chill',500,-1,-1,0,0
Air Force 1 '07 'White',87,-1,-1,0,0
Air Jordan 1 Retro High OG 'Turbo Green',200,-1,-1,0,0
Dior x Air Jordan 1 High,8082,-1,-1,0,0
Air Jordan 1 Retro High OG 'Shattered Backboar...,220,-1,-1,0,0
Air Jordan 1 Retro High OG 'Pine Green 2.0',230,-1,-1,0,0
Air Jordan 6 Retro 'Infrared' 2019,191,-1,-1,0,0
Air Jordan 4 Retro 'Black Cat' 2020,398,-1,-1,0,0
Air Jordan 1 Retro High OG 'Bred Toe',310,-1,-1,0,0
Yeezy Boost 350 V2 'Cream White / Triple White',345,-1,-1,0,0
Air Jordan 1 Retro High OG 'Fearless',321,-1,-1,0,0
Air Jordan 4 Retro 'Cool Grey' 2019,148,-1,-1,0,0
Yeezy Boost 700 'Wave Runner',540,-1,-1,0,0
Air Jordan 1 Mid 'Pine Green',85,-1,-1,0,0
Fragment Design x Air Jordan 3 Retro SP 'White',348,-1,-1,0,0
Off-White x Air Jordan 1 Retro High OG 'UNC',1650,-1,-1,0,0
Wmns Air Jordan 1 High OG 'UNC To Chicago',225,-1,-1,0,0
Air Jordan 12 Retro GS 'Dark Concord',163,-1,-1,0,0
Air Jordan 1 Retro High OG 'Shadow' 2018,164,-1,-1,0,0
Off-White x Air Jordan 1 Retro High OG 'Chicago',3700,-1,-1,0,0
Air Jordan 12 Retro 'University Gold',200,-1,-1,0,0
Zoom Kobe 5 Protro '5 Rings',200,-1,-1,0,0
Air Jordan 5 OG 'Metallic' 2016,150,-1,-1,0,0
Air Jordan 11 Retro 'Concord' 2018,400,-1,-1,0,0
Air Jordan 5 Retro SE 'What The',368,-1,-1,0,0
Travis Scott x Air Jordan 4 Retro 'Cactus Jack',975,-1,-1,0,0
Adapt BB 2.0 'Nike Mag',379,-1,-1,0,0
Air Jordan 1 Mid 'Smoke Grey',150,-1,-1,0,0
Wmns Air Jordan 1 Retro High OG 'Twist',679,-1,-1,0,0
Air Jordan 12 Retro 'Indigo',205,-1,-1,0,0
Travis Scott x Dunk Low Premium QS SB 'Cactus ...,1595,-1,-1,0,0
Wmns Air Jordan 1 Low 'UNC',215,-1,-1,0,0
Air Jordan 1 Retro High OG GS 'Dark Mocha',376,-1,-1,0,0
Air Jordan 1 Retro High OG 'Rookie of the Year',175,-1,-1,0,0
Yeezy Slides 'Core',160,-1,-1,0,0
Blazer Mid '77 Vintage 'White Black',88,-1,-1,0,0
Air Jordan 5 Retro 'Alternate Bel-Air',177,-1,-1,0,0
Wmns Air Jordan 1 Retro High OG 'Satin Red',250,-1,-1,0,0
Bad Bunny x Classic Clog 'Glow In The Dark',170,-1,-1,0,0
Off-White x Air Rubber Dunk 'University Blue',355,-1,-1,0,0
Yeezy Boost 700 V2 'Geode',308,-1,-1,0,0
Off-White x Air Force 1 Low '07 'MCA',1300,-1,-1,0,0
Air Jordan 1 Retro High OG 'Game Royal',180,-1,-1,0,0
Air Jordan 4 Retro OG 'White Cement' 2016,487,-1,-1,0,0
Yeezy Boost 350 V2 'Beluga 2.0',559,-1,-1,0,0
Yeezy Boost 350 V2 'Earth',290,-1,-1,0,0
Ruohan Wang x Air Force 1 Low,175,-1,-1,0,0
Travis Scott x Air Jordan 1 Low 'Mocha',979,-1,-1,0,0
Pharrell x NMD Human Race 'Dash Green',265,-1,-1,0,0
Rui Hachimura x Air Jordan 35 'Warrior',229,-1,-1,0,0
Air Jordan 3 Retro Denim SE 'Fire Red',208,-1,-1,0,0
Air Jordan 1 Retro High OG GS 'Royal Toe',280,-1,-1,0,0
Air Jordan 1 Low 'Light Smoke Grey',123,-1,-1,0,0
Air Jordan 1 Retro High OG 'Chicago' 2015,650,-1,-1,0,0
Dunk Low 'Community Garden',395,-1,-1,0,0
Yeezy Boost 350 V2 'Static Non-Reflective',360,-1,-1,0,0
Wmns Air Jordan 1 Retro High 'Satin Black Toe',420,-1,-1,0,0
Air Jordan 1 Retro High OG Premium 'Yin Yang',104,-1,-1,0,0
Yeezy Boost 350 V2 'Cloud White Non-Reflective',340,-1,-1,0,0
Air Jordan 1 Retro High OG 'Banned' 2016,350,-1,-1,0,0
Nike Mag 'Back To The Future',15000,-1,-1,0,0
Air Jordan 5 Retro SE 'Oregon',230,-1,-1,0,0
Pharrell x NMD Human Race Trail PRD 'Now Is He...,172,-1,-1,0,0
Yeezy Slides 'Soot',137,-1,-1,0,0
Off-White x Air Max 90 'Black',538,-1,-1,0,0
Dunk High SP Retro 'Michigan' 2020,204,-1,-1,0,0
Comme des Garçons x Air Force 1 Mid 'Triple White',359,-1,-1,0,0
Yeezy 700 V3 'Alvah',458,-1,-1,0,0
Air Jordan 1 Mid SE 'Red Black Toe',120,-1,-1,0,0
Stussy x Air Zoom Spiridon Caged 'Fossil',350,-1,-1,0,0
Air Jordan 4 Retro SE 'What The 4',200,-1,-1,0,0
Air Jordan 5 Retro 'Alternate Grape',200,-1,-1,0,0
Wmns Air Jordan 11 Retro Low 'Concord Sketch',180,-1,-1,0,0
Off-White x Air Jordan 5 Retro SP PS 'Sail',398,-1,-1,0,0
Travis Scott x Air Jordan 6 Retro 'Olive',616,-1,-1,0,0
Dunk High SP 'Spartan Green',203,-1,-1,0,0
Supreme x Air Max Plus TN 'White',615,-1,-1,0,0
Wmns Air Jordan 1 Retro High OG 'Tie-Dye',330,-1,-1,0,0
Yeezy Boost 350 V2 'Citrin Non-Reflective',255,-1,-1,0,0
Air Force 1 Low 'ALL FOR 1 - NYC Parks',95,-1,-1,0,0
Air Jordan 4 Retro OG GS 'Bred' 2019,219,-1,-1,0,0
Air Jordan 1 Low 'Gym Red',134,-1,-1,0,0
Yeezy Boost 350 V2 'Blue Tint',448,-1,-1,0,0
Salehe Bembury x 2002R 'Peace Be The Journey',294,-1,-1,0,0
Yeezy Foam Runner 'Ararat',385,-1,-1,0,0
Dunk Low Retro SP 'St. John's',384,-1,-1,0,0
KAWS x Air Jordan 4 Retro 'Black',1150,-1,-1,0,0
Air Jordan 1 Retro High OG GS 'Obsidian',483,-1,-1,0,0
Wmns Air Jordan 3 Retro 'Laser Orange',215,-1,-1,0,0
Air Jordan 1 Retro High OG 'Royal' 2017,439,-1,-1,0,0
Wmns Dunk Low 'White Oatmeal',730,-1,-1,0,0
Air Jordan 3 Retro OG 'Black Cement' 2018,340,-1,-1,0,0
Air VaporMax Plus 'Triple Black',160,-1,-1,0,0
Wmns Air Jordan 1 Mid SE 'Desert Ochre',143,-1,-1,0,0
Air Jordan 3 Retro OG 'True Blue' 2016,199,-1,-1,0,0
Air Jordan 1 Retro High OG 'Pine Green',384,-1,-1,0,0
Air Jordan 5 Retro 'Top 3',208,-1,-1,0,0
Air Jordan 1 Retro High OG 'Neutral Grey',139,-1,-1,0,0
Off-White x Dunk Low 'University Red',562,-1,-1,0,0
Yeezy Boost 350 V2 'Tail Light',370,-1,-1,0,0
Supreme x Air Force 1 Low 'Box Logo - White',210,-1,-1,0,0
Yeezy Boost 350 V2 'Semi Frozen Yellow',325,-1,-1,0,0
Air Jordan 1 Retro High OG PS 'Lucky Green',80,-1,-1,0,0
Air Jordan 4 Retro OG 'Fire Red' 2020,289,-1,-1,0,0
Dior x Air Jordan 1 Low,6150,-1,-1,0,0
Pharrell x NMD Human Race 'Extra Eye - Legacy ...,210,-1,-1,0,0
Ben & Jerry's x Dunk Low SB 'Chunky Dunky',1332,-1,-1,0,0
LeBron 18 'Lakers',179,-1,-1,0,0
Wmns Air Force 1 Shadow 'Pastel',118,-1,-1,0,0
Air Jordan 1 Retro High OG 'Phantom',100,-1,-1,0,0
Air Jordan 6 Retro 'Defining Moments' 2020,220,-1,-1,0,0
Union LA x Jordan Zoom '92 'Guava Ice',220,-1,-1,0,0
Air Jordan 4 Retro GS 'Black Cat' 2020,353,-1,-1,0,0
Air Jordan 1 Mid SE 'Royal Black Toe',109,-1,-1,0,0
Yeezy Boost 700 'Mauve',335,-1,-1,0,0
Yeezy Boost 380 'Pepper Reflective',240,-1,-1,0,0
Air Max 720 ISPA 'Summit White',119,-1,-1,0,0
Yeezy Boost 350 V2 'Butter',313,-1,-1,0,0
Off-White x Air Max 90 'Desert Ore',498,-1,-1,0,0
Travis Scott x Air Force 1 Low 'Cactus Jack',500,-1,-1,0,0
Union LA x Air Jordan 1 Retro High NRG 'Storm ...,1672,-1,-1,0,0
Paris Saint-Germain x Air Jordan 4 Retro GS 'B...,208,-1,-1,0,0
Off-White x Air Rubber Dunk 'University Gold',288,-1,-1,0,0
Air Jordan 1 Retro High OG CO.JP 'Tokyo',210,-1,-1,0,0
Air Jordan 1 Mid 'White Shadow',130,-1,-1,0,0
Air Jordan 1 Retro High OG 'Court Purple',399,-1,-1,0,0
ISPA Road Warrior 'Clear Jade',600,-1,-1,0,0
Wmns Air Jordan 1 Mid SE 'Lightbulb',178,-1,-1,0,0
Air Max 97 'On Air: Neon Seoul',130,-1,-1,0,0
Air Jordan 12 Retro 'Reverse Flu Game',820,-1,-1,0,0
Air Jordan 1 Retro High SB 'NYC to Paris',225,-1,-1,0,0
Union LA x Air Jordan 1 Retro High NRG 'Black Toe',1310,-1,-1,0,0
KD 13 'Aunt Pearl',192,-1,-1,0,0
Yeezy Boost 350 V2 'Linen',282,-1,-1,0,0
Space Hippie 03 'Grey Volt',170,-1,-1,0,0
Air Jordan 1 Retro High OG 'First Class Flight',80,-1,-1,0,0
Aimé Leon Dore x 550 'Red',224,-1,-1,0,0
Travis Scott x Air Max 270 React ENG 'Cactus T...,400,-1,-1,0,0
LeBron 7 QS 'Media Day',180,-1,-1,0,0
Air Yeezy 2 SP 'Red October',8500,-1,-1,0,0
Air Jordan 1 Retro High OG 'Shattered Backboard',1235,-1,-1,0,0
Feng Chen Wang x Chuck 70 2-in-1 'Persimmon Ivory',170,-1,-1,0,0
Union LA x Jordan Delta Mid 'Off Noir',220,-1,-1,0,0
Air Jordan 13 Retro 'Flint' 2020,220,-1,-1,0,0
Yeezy Quantum 'Barium',189,-1,-1,0,0
Air Jordan 12 Retro 'Game Royal',216,-1,-1,0,0
Air Jordan 11 Retro Low 'Light Bone Snakeskin',100,-1,-1,0,0
Air Jordan 1 Mid 'Chicago',135,-1,-1,0,0
Air Jordan 1 Mid GS 'Chicago Black Toe',142,-1,-1,0,0
Yeezy Boost 700 'Analog',320,-1,-1,0,0
Off-White x Dunk Low 'Pine Green',600,-1,-1,0,0
Air Jordan 1 Retro High OG GS 'Pine Green 2.0',253,-1,-1,0,0
Air Jordan 1 Retro High OG 'Black Gym Red',110,-1,-1,0,0
Yeezy Boost 380 'Mist Non-Reflective',210,-1,-1,0,0
Air Jordan 11 Retro 'Win Like '96',265,-1,-1,0,0
Air Jordan 4 Retro 'Pale Citron',125,-1,-1,0,0
Air Force 1 '07 QS 'Black Skeleton',203,-1,-1,0,0
Off-White x Air Force 1 Low 'Black',754,-1,-1,0,0
Dunk Low Retro SP 'Syracuse',480,-1,-1,0,0
Air Jordan 1 Retro High OG 'Top 3',400,-1,-1,0,0
Yeezy PowerPhase 'Quiet Grey',104,-1,-1,0,0
Star Wars x Rivalry Hi 'Chewbacca',178,-1,-1,0,0
Yeezy Boost 700 'Utility Black',350,-1,-1,0,0
Yeezy Boost 350 V2 'Yeezreel Non-Reflective',250,-1,-1,0,0
Air Jordan 12 Retro 'Deep Royal',175,-1,-1,0,0
Yeezy 500 'Utility Black',440,-1,-1,0,0
Zoom Kobe 5 Protro 'Big Stage',320,-1,-1,0,0
Off-White x Air Presto 'Black',719,-1,-1,0,0
Dunk Low Retro SP 'Kentucky',480,-1,-1,0,0
Wmns Air Force 1 '07 'White',85,-1,-1,0,0
Yeezy Season 7 Desert Boot 'House Blue',231,-1,-1,0,0
Dunk Low Retro 'Samba' 2020,206,-1,-1,0,0
Pharrell x NMD Human Race 'Sesame',289,-1,-1,0,0
Air Jordan 11 Retro 'Gamma Blue',500,-1,-1,0,0
Supreme x Louis Vuitton x Red Ribbon Recon x A...,30000,-1,-1,0,0
Zoom Kobe 5 Protro 'P.J. Tucker' PE,250,-1,-1,0,0
Air Jordan 1 Mid 'Black Hyper Royal',174,-1,-1,0,0
Off-White x Wmns Vapor Street 'Laser Fuchsia',130,-1,-1,0,0
Air Max Trainer 3 'Dracula',178,-1,-1,0,0
Air Jordan 5 Retro SP 'Michigan',125,-1,-1,0,0
Air Jordan 1 Retro High SB 'LA To Chicago',451,-1,-1,0,0
Dunk Low Pro SB 'Crater',175,-1,-1,0,0
Wmns Air Jordan 1 Zoom Comfort SE 'Sisterhood',170,-1,-1,0,0
LeBron 18 'Sisterhood',268,-1,-1,0,0
StrangeLove x Dunk Low SB 'Valentine's Day',960,-1,-1,0,0
Comme des Garçons x Air Force 1 Low '07 'Blue ...,360,-1,-1,0,0
Air Jordan 4 Winter 'Loyal Blue',210,-1,-1,0,0
Air Jordan 1 Retro High OG BG 'Shattered Backb...,318,-1,-1,0,0
Air Jordan 1 High Zoom 'Zen Green',175,-1,-1,0,0
Air Jordan 3 Retro 'White Cement' 2011,450,-1,-1,0,0
Off-White x Air Force 1 Low 'Volt',803,-1,-1,0,0
Air Jordan 1 Retro High OG 'UNC',550,-1,-1,0,0
Air Jordan 1 Retro High OG 'Origin Story',575,-1,-1,0,0
Air Jordan 6 Retro 'Hare',194,-1,-1,0,0
Air Jordan 3 Retro SE 'Unite - CHI Exclusive',155,-1,-1,0,0
Sean Wotherspoon x Air Max 1/97 'Sean Wotherspoon',915,-1,-1,0,0
Yeezy 700 V3 'Azael',674,-1,-1,0,0
Pharrell x NMD Human Race 'Extra Eye - Bold Or...,199,-1,-1,0,0
Air Jordan 4 Retro 'Orange Metallic',244,-1,-1,0,0
Air Jordan 11 Retro GS 'Concord' 2018,175,-1,-1,0,0
Yeezy 500 'Bone White',276,-1,-1,0,0
Air Jordan 1 Retro High OG PS 'Tie-Dye',79,-1,-1,0,0
Fragment Design x Air Jordan 35 'Base Grey',350,-1,-1,0,0
Off-White x Air Presto 'White',610,-1,-1,0,0
Aimé Leon Dore x 550 'Silver',320,-1,-1,0,0
Air Jordan 11 Retro Low 'Navy Snakeskin' 2019,114,-1,-1,0,0
Dunk Low SP 'Brazil' 2020,275,-1,-1,0,0
Off-White x Air VaporMax 'Part 2',620,-1,-1,0,0
Off-White x Air Force 1 Low '07 'MoMA',2899,-1,-1,0,0
Yeezy Boost 380 'Blue Oat Non-Reflective',209,-1,-1,0,0
Air Jordan 5 Retro GS 'Alternate Bel-Air',120,-1,-1,0,0
Air Jordan 1 Low 'Black Toe',245,-1,-1,0,0
Air Jordan 4 Retro 'Alternate 89',150,-1,-1,0,0
Dunk Low SB 'J-Pack Chicago',500,-1,-1,0,0
Yeezy Boost 700 V2 'Hospital Blue',344,-1,-1,0,0
Air Jordan 11 Retro 'Cool Grey' 2010,450,-1,-1,0,0
Air Force 1 Low QS 'Skeleton',375,-1,-1,0,0
Colette x Air Jordan 1 Retro High OG 'Au Revoir',6888,-1,-1,0,0
Off-White x Blazer Mid 'Grim Reapers',530,-1,-1,0,0
Yeezy Boost 350 V2 'Beluga',736,-1,-1,0,0
Balenciaga Speed Trainer 'Black',702,-1,-1,0,0
Air Jordan 11 Retro GS 'Bred' 2019,210,-1,-1,0,0
Pharrell x NMD Human Race 'Light Grey Teal',300,-1,-1,0,0
KAWS x Air Jordan 4 Retro 'Cool Grey',2547,-1,-1,0,0
Aimé Leon Dore x 550 'Evergreen',350,-1,-1,0,0
Union LA x Chuck Taylor All Star High 'White',97,-1,-1,0,0
Zoom Kobe 5 Protro '5x Champ',199,-1,-1,0,0
Kamikaze 2 Mid Retro 'Sonics' 2020,148,-1,-1,0,0
Air Jordan 1 Low 'Smoke Grey',116,-1,-1,0,0
Wmns Air Jordan 1 Mid 'Digital Pink',368,-1,-1,0,0
Wmns Air Force 1 'Pixel White',139,-1,-1,0,0
Grateful Dead x Dunk Low SB 'Yellow Bear',980,-1,-1,0,0
Air Jordan 1 Retro High OG GS 'Smoke Grey',249,-1,-1,0,0
Air Jordan 4 Retro 'Motorsports',330,-1,-1,0,0
Air Jordan 3 Retro 'Court Purple',979,-1,-1,0,0
Yeezy Boost 700 V2 'Vanta',475,-1,-1,0,0
Wmns Air Jordan 1 Mid SE 'Multi Patent',145,-1,-1,0,0
Air Jordan 11 Retro 'Win Like '82',300,-1,-1,0,0
Wmns Air Jordan 1 Mid SE 'Iridescent Trim',248,-1,-1,0,0
Air Jordan 4 Retro LS 'Oreo' 2015,175,-1,-1,0,0
Air Jordan 1 Retro High OG Prm 'Yin Yang',85,-1,-1,0,0
Ruohan Wang x Air Max 90 Flyleather,109,-1,-1,0,0
Wmns Air Max 270,94,-1,-1,0,0
Air Jordan 1 Retro High OG 'Guava Ice',154,-1,-1,0,0
Air Jordan 12 Retro GS 'University Gold',115,-1,-1,0,0
Air Jordan 12 Retro 'FIBA',205,-1,-1,0,0
Sacai x VaporWaffle 'Sail',672,-1,-1,0,0
Gucci Ace 'Fake/Not Print',680,-1,-1,0,0
Off-White x Chuck 70 'White',490,-1,-1,0,0
Air Jordan 1 High Zoom 'Crater',159,-1,-1,0,0
Air Jordan 1 Retro High OG 'Clay Green',200,-1,-1,0,0
Yeezy Boost 700 V2 'Tephra',353,-1,-1,0,0
Off-White x Air Jordan 1 Retro High OG 'White'...,2498,-1,-1,0,0
Air Foamposite Pro 'Halloween',297,-1,-1,0,0
Air Jordan 3 Retro 'Knicks',100,-1,-1,0,0
Air Jordan 1 Retro High OG 'Black Toe' 2016,575,-1,-1,0,0
Air Jordan 1 Low GS 'Light Smoke Grey',159,-1,-1,0,0
Yeezy Boost 380 'Alien',393,-1,-1,0,0
Air Jordan 6 Retro 'UNC',210,-1,-1,0,0
Yeezy Slides 'Desert Sand',279,-1,-1,0,0
Wmns Air VaporMax Flyknit 3 'Triple Black',149,-1,-1,0,0
Air Force 1 '07 'Black',84,-1,-1,0,0
Medicom Toy x Dunk Low SB 'BE@RBRICK',280,-1,-1,0,0
Air VaporMax 3.0 'Snakeskin',149,-1,-1,0,0
Wmns Air Jordan 1 High Zoom 'Halloween',215,-1,-1,0,0
Air VaporMax Plus 'White Platinum',169,-1,-1,0,0
Air Jordan 1 Retro High OG 'Black/White',685,-1,-1,0,0
Kamikaze 2 OG Retro 'Black White' 2020,110,-1,-1,0,0
Air Jordan 1 Low SE GS 'Laser Blue',90,-1,-1,0,0
Air Jordan 1 Low 'Pine Green',130,-1,-1,0,0
Yeezy Slides Kids 'Bone',164,-1,-1,0,0
Air Force 1 Low 'Wheat Mocha',122,-1,-1,0,0
Air Fear of God 1 'Triple Black',449,-1,-1,0,0
Supreme x Air Force 1 Low 'Box Logo - Black',183,-1,-1,0,0
Yeezy Season 7 Desert Boot 'House Wakame',211,-1,-1,0,0
Yeezy Boost 350 V2 GID 'Glow',400,-1,-1,0,0
Air Jordan 1 Low 'Court Purple',175,-1,-1,0,0
Air Jordan 1 Retro High OG 'Blue Moon',229,-1,-1,0,0
Wmns Air Force 1 Shadow 'Washed Coral',136,-1,-1,0,0
Air Jordan 11 Retro 'Cap and Gown',400,-1,-1,0,0
Off-White x Wmns Vapor Street 'Tour Yellow',134,-1,-1,0,0
Air Jordan 5 Retro 'Red Suede',175,-1,-1,0,0
Yeezy Boost 350 V2 'Cinder Reflective',540,-1,-1,0,0
Alexander McQueen Oversized Sneaker 'White Black',440,-1,-1,0,0
Yeezy 500 'Blush',340,-1,-1,0,0
Aimé Leon Dore x 550 'Navy',272,-1,-1,0,0
Air Max 97 'Reflective Bred',150,-1,-1,0,0
Off-White x Wmns Waffle Racer 'Vivid Sky',149,-1,-1,0,0
Yeezy Boost 700 MNVN 'Bone',360,-1,-1,0,0
Yeezy Boost 350 V2 'Red',760,-1,-1,0,0
Air Jordan 1 Retro High OG NRG 'Homage to Home',420,-1,-1,0,0
Air Jordan 1 Retro High OG BG 'Bloodline',332,-1,-1,0,0
Undefeated x Zoom Kobe 5 Protro 'What If Pack'...,500,-1,-1,0,0
Pharrell x NMD Human Race Trail PRD 'Infinite ...,237,-1,-1,0,0
Air Force 1 '07 AN20 'White Black',99,-1,-1,0,0
Air VaporMax Flyknit 3 'Pure Platinum',115,-1,-1,0,0
Dunk Low Pro SB 'Paris',30000,-1,-1,0,0
Off-White x Zoom Fly SP 'Black',325,-1,-1,0,0
Air Jordan 4 Retro 'Green Metallic',300,-1,-1,0,0
Yeezy Boost 350 V2 'Synth Non-Reflective',290,-1,-1,0,0
Air Jordan 1 Mid 'Swoosh Logo - Grey Camo',138,-1,-1,0,0
Yeezy Boost 350 V2 'Static Reflective',400,-1,-1,0,0
Air Jordan 11 Retro '72-10',335,-1,-1,0,0
Air Jordan 11 Retro 'Bred' 2012,415,-1,-1,0,0
Air Max 1 'Grey White',85,-1,-1,0,0
Air Jordan 8 Retro 'Take Flight',150,-1,-1,0,0
Air Jordan 1 Retro High OG GS 'Court Purple 2.0',325,-1,-1,0,0
Air Force 1 '07 LV8 'Worldwide Pack - Glacier ...,142,-1,-1,0,0
Air Jordan 4 Retro NRG 'Raptors - Drake Signature',318,-1,-1,0,0
Air Jordan 12 Retro 'Dark Grey',225,-1,-1,0,0
Wmns Air Jordan 1 Mid Patent SE 'Triple Black',93,-1,-1,0,0
Travis Scott x Dunk Low PRM SB QS 'Cactus Jack...,1700,-1,-1,0,0
Air Jordan 1 GS 'Día de Muertos',245,-1,-1,0,0
Sacai x LDWaffle 'Varsity Blue',600,-1,-1,0,0
Bodega x 997S 'Better Days',198,-1,-1,0,0
Air Jordan 12 Retro 'Gym Red',169,-1,-1,0,0
Wmns Air Jordan 4 Retro 'Mushroom',295,-1,-1,0,0
Off-White x Wmns Vapor Street 'Polarized Blue',145,-1,-1,0,0
Wmns Air Jordan 1 High 'Mushroom',315,-1,-1,0,0
Off-White x Zoom Fly SP 'Tulip Pink',345,-1,-1,0,0
Zoom Kobe 5 Protro 'DeMar DeRozan' PE,210,-1,-1,0,0
Blue The Great x Air Jordan 1 Mid 'Fearless',215,-1,-1,0,0
Air Jordan 1 Retro High OG BG 'Bred Toe',578,-1,-1,0,0
Yeezy Boost 700 V2 'Inertia',350,-1,-1,0,0
Air Jordan 5 Retro GS 'Pink Foam',120,-1,-1,0,0
Wmns Blazer Mid 77 Vintage 'White Black',96,-1,-1,0,0
Sacai x LDWaffle 'Summit White',497,-1,-1,0,0
Wmns Air Force 1 Low LX 'Reveal',150,-1,-1,0,0
Wmns Air Jordan 1 Mid 'UNC',216,-1,-1,0,0
6 Inch Premium Waterproof Boot 'Wheat',120,-1,-1,0,0
Air Jordan 12 Retro 'Reverse Taxi',235,-1,-1,0,0
Air Jordan 3 Retro Tinker 'Air Max 1',160,-1,-1,0,0
Air Jordan 3 Retro 'Mocha' 2018,300,-1,-1,0,0
Air Jordan 1 Mid GS 'Pink Quartz',219,-1,-1,0,0
Pharrell x NMD Human Race 'Inspiration Pack',180,-1,-1,0,0
Dior B23 High 'Dior Oblique',1100,-1,-1,0,0
Air Jordan 1 Retro High OG 'Los Angeles' 2015,175,-1,-1,0,0
Wmns Air Jordan 4 Retro 'Rasta',225,-1,-1,0,0
Yeezy Boost 350 V2 Kids 'Carbon',200,-1,-1,0,0
Air Jordan 1 Low 'Royal Toe',150,-1,-1,0,0
Air Jordan 14 Retro 'Reverse Ferrari',99,-1,-1,0,0
Air Jordan 1 Mid SE GS 'Edge Glow',117,-1,-1,0,0
Air Jordan 1 Retro High OG GS 'Turbo Green',464,-1,-1,0,0
Air Jordan 11 Retro Low 'Bred',360,-1,-1,0,0
Yeezy Boost 350 V2 'True Form',330,-1,-1,0,0
Air Jordan 4 Retro 'Fire Red' 2012,300,-1,-1,0,0
Air Max Plus 'Triple Black',145,-1,-1,0,0
Studio FY7 x 992 'Cream',600,-1,-1,0,0
Air Jordan 4 Retro 'Bred' 2012,397,-1,-1,0,0
Air Jordan 1 Mid SE 'Yellow Toe',195,-1,-1,0,0
Wmns Air Jordan 6 Retro 'Tech Chrome',140,-1,-1,0,0
Air Max 90 'Hyper Royal',80,-1,-1,0,0
Travis Scott x Air Jordan 1 Retro High OG 'Moc...,2153,-1,-1,0,0
Yeezy Boost 380 'Onyx Non-Reflective',1124,-1,-1,0,0
"Tyler, The Creator x Foot Locker x Chuck 70 'A...",86,-1,-1,0,0
Melody Ehsani x Wmns Air Jordan 1 Mid 'Fearless',995,-1,-1,0,0
Denham x Air Max 90 'Infrared',130,-1,-1,0,0
Air Max 97 'Black Terry Cloth',109,-1,-1,0,0
Air Jordan 1 Mid GS 'White Shadow',150,-1,-1,0,0
Sacai x LDWaffle 'Black',570,-1,-1,0,0
Air Jordan 1 Retro High OG 'Storm Blue',325,-1,-1,0,0
Sacai x VaporWaffle 'Black White',614,-1,-1,0,0
Air Jordan 11 Retro 'Platinum Tint',270,-1,-1,0,0
Dunk Low Retro Vol. 1 SP 'Plum',420,-1,-1,0,0
Yeezy Boost 700 'Carbon Blue',300,-1,-1,0,0
Air Force 1 '07 Premium 'Zip Swoosh - White',135,-1,-1,0,0
Air Jordan 1 Low GS 'Smoke Grey',178,-1,-1,0,0
Yeezy Boost 700 'Magnet',420,-1,-1,0,0
Air Jordan 13 Retro 'Lakers',145,-1,-1,0,0
Sean Wotherspoon x Atmos x Gel Lyte 3 'Corduroy',300,-1,-1,0,0
Air Jordan 13 Retro 'Bred' 2017,210,-1,-1,0,0
Yeezy Powerphase Calabasas 'Grey',90,-1,-1,0,0
Off-White x Air Presto 'The Ten',2144,-1,-1,0,0
Olivia Kim x Wmns Air Jordan 4 Retro 'No Cover',230,-1,-1,0,0
Blazer Mid 77 'Sketch - Black',92,-1,-1,0,0
Air Jordan 1 Retro High OG 'Defiant',165,-1,-1,0,0
Zoom Kobe 5 Protro 'EYBL',230,-1,-1,0,0
Air Jordan 12 Retro 'The Master',300,-1,-1,0,0
Air Force 1 Low '07 LV8 'Split',663,-1,-1,0,0
Grateful Dead x Dunk Low SB 'Green Bear',900,-1,-1,0,0
Air Max 1 Premium 'Limeade',95,-1,-1,0,0
Wmns Air VaporMax Flyknit 3 'Oreo',100,-1,-1,0,0
Yeezy Boost 700 V2 'Static',675,-1,-1,0,0
Yeezy Season 7 Desert Boot 'Taupe',250,-1,-1,0,0
Adapt BB 'Nike Mag',560,-1,-1,0,0
Air Jordan 14 Retro 'Candy Cane' 2019,140,-1,-1,0,0
Air Jordan 1 Low 'Paris',360,-1,-1,0,0
Air Max 90 'Mountaineering',101,-1,-1,0,0
992 'Grey',250,-1,-1,0,0
Air Jordan 1 Mid 'Obsidian',119,-1,-1,0,0
Eric Koston x Air Jordan 1 Low SB 'Powder Blue',389,-1,-1,0,0
OVO x Air Jordan 8 Retro Promo 'Kentucky Madness',8050,-1,-1,0,0
Wmns Air Jordan 4 Retro NRG 'Singles Day',145,-1,-1,0,0
Sacai x LDWaffle 'Pine Green',445,-1,-1,0,0
Air Jordan 1 High 'Chicago' 1985,1000,-1,-1,0,0
Air Jordan 3 Retro SE 'Animal Instinct',165,-1,-1,0,0
Air Jordan 1 Retro High '85 'Varsity Red',560,-1,-1,0,0
Stussy x Air Zoom Spiridon Kukini 'White',160,-1,-1,0,0
Yeezy Desert Boot 'Oil',240,-1,-1,0,0
Luka Doncic x Air Jordan 1 Mid SE 'Pregame Pac...,174,-1,-1,0,0
Wmns Air Jordan 1 Mid 'Cactus Flower',136,-1,-1,0,0
Air Max 97 'Vintage Mosaic',144,-1,-1,0,0
Air Jordan 13 Retro 'Hyper Royal',590,-1,-1,0,0
Air Jordan 5 Retro GS 'Satin',139,-1,-1,0,0
Air Max 1 'Evergreen',162,-1,-1,0,0
Wmns Air Force 1 Shadow 'White Magic Flamingo',75,-1,-1,0,0
Air Jordan 4 Retro 'Thunder' 2012,449,-1,-1,0,0
LeBron 18 'James Gang',164,-1,-1,0,0
Travis Scott x Air Force 1 Low PS 'Cactus Jack',180,-1,-1,0,0
Air Jordan 11 Retro Low 'Concord',375,-1,-1,0,0
HUMAN MADE x Pharrell x NMD Hu 'Love',250,-1,-1,0,0
Air Jordan 4 Retro 'Royalty',375,-1,-1,0,0
Air Jordan Future 'Hyper Royal',65,-1,-1,0,0
Kobe A.D. NXT 360 'White Multicolor',149,-1,-1,0,0
Air Jordan 1 Retro High OG 'A Star Is Born',145,-1,-1,0,0
Off-White x Air VaporMax 'The Ten',1190,-1,-1,0,0
Air Jordan 6 Retro 'Maroon' 2015,225,-1,-1,0,0
Air Force 1 '07 LV8 'Added Air',87,-1,-1,0,0
Air Jordan 4 Retro PS 'Pale Citron',58,-1,-1,0,0
Off-White Vulc Low Top 'Black',199,-1,-1,0,0
Yeezy Boost 700 'Salt',329,-1,-1,0,0
Air Max 97 'White Ice',100,-1,-1,0,0
Yeezy Basketball 'Quantum',699,-1,-1,0,0
Off-White x Air Force 1 '07 'Extra Credit',2250,-1,-1,0,0
Off-White x Air Force 1 Low 'The Ten',2124,-1,-1,0,0
Air Jordan 1 Retro High 'White Elephant',85,-1,-1,0,0
Air Force 1 Low '07 PRM 'Just Do It',320,-1,-1,0,0
Air Force 1 React QS 'White Ice',249,-1,-1,0,0
atmos x Air Max Zoom 950 NRG 'Japan',199,-1,-1,0,0
Blazer Mid 77 'Light Bone',70,-1,-1,0,0
Off-White x Air Force 1 'ComplexCon Exclusive',4264,-1,-1,0,0
Air Jordan 14 Retro SE 'Black Ferrari',166,-1,-1,0,0
Air Jordan 1 Low SE 'Fuchsia',76,-1,-1,0,0
Air Jordan 12 Retro 'French Blue' 2016,250,-1,-1,0,0
Yeezy Boost 350 'Pirate Black' 2016,740,-1,-1,0,0
Maison Chateau Rouge x Air Jordan 1 Mid SE 'Fe...,500,-1,-1,0,0
Paris Saint-Germain x Air Jordan 5 Retro 'Pari...,309,-1,-1,0,0
Wmns Air Jordan 1 Mid 'Barely Orange',169,-1,-1,0,0
Off-White x Air Jordan 5 Retro SP PS 'Muslin',399,-1,-1,0,0
Air Max 1 OG 'Anniversary' 2017 Rerelease,215,-1,-1,0,0
Fragment Design x Air Jordan 1 Retro High OG,3204,-1,-1,0,0
Wmns Air Jordan 11 Retro Low 'Pink Snakeskin',189,-1,-1,0,0
Sean Wotherspoon x Superstar 'Super Earth',168,-1,-1,0,0
Atlas x Dunk High SB 'Lost At Sea',420,-1,-1,0,0
Dunk Low Pro SB 'Laser Orange',320,-1,-1,0,0
Ruohan Wang x Blazer Mid ’77 Flyleather,110,-1,-1,0,0
Yeezy Slides 'Resin',194,-1,-1,0,0
Civilist x Dunk Low Pro SB QS 'Thermography',919,-1,-1,0,0
Off-White x Blazer Mid 'The Ten',1499,-1,-1,0,0
Air Max 90 SP 'Reverse Duck Camo',130,-1,-1,0,0
Travis Scott x Air Force 1 'Travis Scott',998,-1,-1,0,0
Ghostbusters x Ghost Smashers 'Ecto-1 Vibes',198,-1,-1,0,0
Yeezy Boost 350 V2 'Hyperspace',425,-1,-1,0,0
Travis Scott x Air Jordan 4 Retro 'Cactus Jack...,9750,-1,-1,0,0
Yeezy Boost 350 V2 'Copper',630,-1,-1,0,0
Wmns Air VaporMax 2020 Flyknit 'Light Arctic Pink',209,-1,-1,0,0
Comme des Garçons Play x Chuck 70 Hi Top 'Mult...,115,-1,-1,0,0
Air Jordan 1 Retro High OG NRG 'Gold Toe',400,-1,-1,0,0
Off-White x Air Max 97 'Black',785,-1,-1,0,0
Air Force 1 Low 'Rucker Park',110,-1,-1,0,0
Alexander McQueen Oversized Sneaker 'All Black',478,-1,-1,0,0
Air Jordan 4 Retro 'Oregon',9950,-1,-1,0,0
Air VaporMax Plus 'Triple Red',155,-1,-1,0,0
Sacai x Blazer Mid 'White Grey',200,-1,-1,0,0
Air Jordan 1 Low SE 'Laser Blue',125,-1,-1,0,0
Air Jordan 1 Mid SE 'Oakland',115,-1,-1,0,0
Air Jordan 1 Low GS 'Game Royal',125,-1,-1,0,0
Air Jordan 6 Retro 'Carmine' 2014,349,-1,-1,0,0
Yeezy 500 'Soft Vision',381,-1,-1,0,0
Air Jordan 13 Retro 'Starfish',1100,-1,-1,0,0
Air Jordan 5 Retro 'Grape' 2013,288,-1,-1,0,0
Air Jordan 3 Retro Tinker SP 'Black Cement',114,-1,-1,0,0
Air Jordan 1 Low GS 'Reverse Bred',88,-1,-1,0,0
Ivy Park x Wmns UltraBoost 'Hi-Res Yellow',285,-1,-1,0,0
Air Max CB 94 Retro 'Varsity Purple' 2020,234,-1,-1,0,0
Air Jordan 4 Retro 'Military Blue' 2012,379,-1,-1,0,0
A-Cold-Wall* x Chuck Taylor All Star Lugged Hi...,215,-1,-1,0,0
Cactus Plant Flea Market x Air Force 1 Low Pre...,259,-1,-1,0,0
Air Jordan 1 Retro High 'Chicago' 2013,755,-1,-1,0,0
Wmns Air Force 1 Low 'Tear Away',149,-1,-1,0,0
SpongeBob SquarePants x Kyrie 5 'Squidward',100,-1,-1,0,0
Kybrid S2 'Pineapple',195,-1,-1,0,0
Ultra 4D 'OG',173,-1,-1,0,0
Air Jordan 11 Retro BG 'Space Jam' 2016,250,-1,-1,0,0
Wmns Air Jordan 1 Low 'Spruce Aura',246,-1,-1,0,0
Air Jordan 4 Retro GS 'Linen',361,-1,-1,0,0
React Element 87 'Anthracite',60,-1,-1,0,0
Off-White x Air Max 90 'The Ten',1699,-1,-1,0,0
Dunk High Pro Premium SB 'Invert Celtics',240,-1,-1,0,0
Wmns Air Jordan 1 Retro High OG 'Twist' Onenes...,714,-1,-1,0,0
UltraBoost 1.0 Retro 'Triple Black' 2020,133,-1,-1,0,0
UltraBoost 2.0 'Triple White',120,-1,-1,0,0
Yeezy 500 'Super Moon Yellow',249,-1,-1,0,0
Balenciaga Wmns Speed 2 Trainer Knit 'Neon Pink',760,-1,-1,0,0
Air Jordan 1 Retro High 'Gold Medal',85,-1,-1,0,0
Air Jordan 4 Retro GS 'Cool Grey' 2019,217,-1,-1,0,0
Balenciaga Triple S 'Fluorescent Green',850,-1,-1,0,0
Air Jordan 9 Retro 'UNC',175,-1,-1,0,0
Air Jordan 1 Retro High OG PS 'Satin Red',70,-1,-1,0,0
Concepts x Dunk Low SB 'Purple Lobster',876,-1,-1,0,0
Air Jordan 1 Low SE 'Nothing But Net',112,-1,-1,0,0
Comme des Garçons x Air Force 1 Mid 'Triple Black',360,-1,-1,0,0
Blazer Mid '77 Vintage 'Celestine Blue',100,-1,-1,0,0
Zoom Kobe 5 Protro 'Chaos' 2020,500,-1,-1,0,0
Off-White x Air Jordan 5 Retro SP TD 'Sail',497,-1,-1,0,0
Air Jordan 13 Retro PS 'Flint' 2020,75,-1,-1,0,0
Air VaporMax 2019 'Ghost Black',100,-1,-1,0,0
Yeezy Powerphase Calabasas 'Core Black',58,-1,-1,0,0
Kasina x Dunk Low 'Road Sign',1320,-1,-1,0,0
Sacai x VaporWaffle SP 'String Villain Red',555,-1,-1,0,0
Yeezy Desert Boot 'Salt',248,-1,-1,0,0
Air Jordan 5 Retro 'Olympic',135,-1,-1,0,0
Air Jordan 12 Retro 'Wool',200,-1,-1,0,0
Air Jordan 1 Retro High OG 'Sail',100,-1,-1,0,0
Fragment Design x Jordan Air Cadence SP 'Parti...,150,-1,-1,0,0
Air Jordan 11 Retro Low 'Cool Grey',250,-1,-1,0,0
